"file","description","bytes","created_utc"
"pct_wild_1960_2015_2019_10km.png","Wild trajectory",991045,"2026-08-31 23:07:08 UTC"
"pct_domesticated_1960_2015_2019_10km.png","Domesticated (non-built) trajectory",1038591,"2026-08-31 23:07:08 UTC"
"pct_built_up_1960_2015_2019_10km.png","Built-up / urban trajectory",834825,"2026-08-31 23:07:08 UTC"
"pct_unresolved_1960_2015_2019_10km.png","Unresolved trajectory",870269,"2026-08-31 23:07:08 UTC"
"space_composition_1960_2015_2019_10km.png","Four-component comparison",2938286,"2026-08-31 23:07:08 UTC"
"space_change_1960_2019_10km.png","Cell-level change, 1960 to 2019",1462443,"2026-08-31 23:07:08 UTC"
"built_up_hilda_vs_wsf3d_2015_10km.png","HILDA versus WSF3D built-up comparison",706812,"2026-08-31 23:07:08 UTC"
"pct_anthropogenic_1960_2015_2019_10km.png","Anthropogenic share (domesticated + built-up)",1003051,"2026-08-31 23:07:08 UTC"
"hemeroby_gradient_1960_2015_2019_10km.png","Hemeroby wild-to-urban gradient",981597,"2026-08-31 23:07:08 UTC"
