"parameter","value"
"created_utc","2026-08-26 21:20:45 UTC"
"years","1960,2015,2019"
"grid_km","10"
"analysis_km","1"
"target_crs","EPSG:3035"
"extent_wgs84","-25,34,45,72"
"mask","study"
"hilda_dir","C:/Users/benleo13/OneDrive - Kungl. Vetenskapsakademien/Documents/2026/AnthLab/Experiencing the anthropocene/Feature explorations/Biosphere/data_raw/biosphere/hilda_plus_v2/states_wgs84"
"lesiv_path","C:/Users/benleo13/OneDrive - Kungl. Vetenskapsakademien/Documents/2026/AnthLab/Experiencing the anthropocene/Feature explorations/Biosphere/data_raw/biosphere/lesiv_2015/FML_v3-2_with-colorbar.tif"
"lesiv_year","2015"
"gpw_manifest",""
"wsf3d_path","C:/Users/benleo13/OneDrive - Kungl. Vetenskapsakademien/Documents/2026/AnthLab/Experiencing the anthropocene/Feature explorations/Technosphere/data_processed/eu_fraction_wsf3d_3km.tif"
"wsf3d_year","2015"
"water_rule","HILDA 77 inland water excluded from terrestrial denominator"
"population_proxy","none"
"hemeroby_scale","ordinal 1-6 (7th degree not assigned: no justified WSF3D threshold)"
"hemeroby_min_coverage_pct","75"
"hemeroby_urban_degree","6"
