country,page,population,persons_per_household,rural_proportion_pct
Austria,75,9158750,2.2,14.5
Belgium,80,11686884,2.3,4.9
Bulgaria,84,6445481,2.3,18.1
Croatia,89,3850944,2.9,23.8
Cyprus,93,920701,2.8,11.2
Czechia,99,10900555,2.3,19.5
Denmark,104,5932755,2.0,10.2
Estonia,108,1365886,2.4,23.3
Finland,114,5564206,2.0,17.5
France,119,68204141,2.3,16.3
Germany,125,84363651,2.0,10.4
Greece,130,10414753,2.5,21.0
Hungary,135,9599745,2.1,30.8
Iceland,140,385188,2.7,4.3
Ireland,145,5351681,2.4,29.8
Italy,150,58997955,2.5,12.3
Latvia,155,1882696,2.5,25.2
Lithuania,159,2857279,2.6,30.3
Luxembourg,164,660809,2.5,10.8
Malta,169,542017,2.7,0.6
Netherlands,175,17811297,2.2,3.9
Norway,181,5491745,2.2,16.3
Poland,186,36753743,2.3,32.3
Portugal,191,10521360,2.5,14.7
Romania,195,19328838,2.6,21.0
Slovakia,200,5449270,3.0,24.9
Slovenia,204,2067898,3.0,22.2
Spain,210,48085894,2.6,16.4
Sweden,216,10521790,2.2,9.5
Switzerland,221,8815385,2.2,12.4
UK,227,68300000,2.3,8.7
