geo,metric,terrtypo,bce_pdf_pct,eurostat_pct,diff_pp
AT,DSL,TOTAL,95.7,95.7,0.0
AT,DSL,DEG3,91.8,91.8,0.0
AT,FTTP,TOTAL,44.8,44.8,0.0
AT,FTTP,DEG3,33.9,33.9,0.0
AT,5G,TOTAL,99.5,99.6,-0.1
AT,5G,DEG3,97.8,97.8,0.0
AT,NGA,TOTAL,95.1,95.1,0.0
AT,NGA,DEG3,74.9,74.9,0.0
AT,VHCN_FX,TOTAL,72.2,72.2,0.0
AT,VHCN_FX,DEG3,42.2,42.2,0.0
BE,DSL,TOTAL,99.8,99.8,0.0
BE,DSL,DEG3,98.1,98.1,0.0
BE,FTTP,TOTAL,30.7,30.7,0.0
BE,FTTP,DEG3,2.0,2.0,0.0
BE,5G,TOTAL,96.9,96.9,0.0
BE,5G,DEG3,69.8,69.8,0.0
BE,NGA,TOTAL,99.1,99.1,0.0
BE,NGA,DEG3,95.2,95.2,0.0
BE,VHCN_FX,TOTAL,93.8,93.8,0.0
BE,VHCN_FX,DEG3,80.8,80.8,0.0
BG,DSL,TOTAL,85.5,85.4,0.1
BG,DSL,DEG3,75.6,75.6,0.0
BG,FTTP,TOTAL,90.4,90.4,0.0
BG,FTTP,DEG3,79.1,79.1,0.0
BG,5G,TOTAL,81.3,81.3,0.0
BG,5G,DEG3,38.3,38.2,0.1
BG,NGA,TOTAL,97.4,97.4,0.0
BG,NGA,DEG3,88.9,88.9,0.0
BG,VHCN_FX,TOTAL,90.4,90.4,0.0
BG,VHCN_FX,DEG3,79.1,79.1,0.0
HR,DSL,TOTAL,97.6,97.6,0.0
HR,DSL,DEG3,92.8,92.8,0.0
HR,FTTP,TOTAL,75.4,75.4,0.0
HR,FTTP,DEG3,44.4,44.4,0.0
HR,5G,TOTAL,94.2,94.2,0.0
HR,5G,DEG3,86.3,86.3,0.0
HR,NGA,TOTAL,91.2,91.2,0.0
HR,NGA,DEG3,70.0,70.0,0.0
HR,VHCN_FX,TOTAL,78.9,78.9,0.0
HR,VHCN_FX,DEG3,49.1,49.1,0.0
CY,DSL,TOTAL,100.0,100.0,0.0
CY,DSL,DEG3,100.0,100.0,0.0
CY,FTTP,TOTAL,89.1,89.0,0.1
CY,FTTP,DEG3,78.1,78.1,0.0
CY,5G,TOTAL,100.0,100.0,0.0
CY,5G,DEG3,100.0,100.0,0.0
CY,NGA,TOTAL,100.0,100.0,0.0
CY,NGA,DEG3,100.0,100.0,0.0
CY,VHCN_FX,TOTAL,89.1,89.0,0.1
CY,VHCN_FX,DEG3,78.1,78.1,0.0
CZ,DSL,TOTAL,89.6,89.7,-0.1
CZ,DSL,DEG3,85.1,85.1,0.0
CZ,FTTP,TOTAL,40.6,40.6,0.0
CZ,FTTP,DEG3,10.0,10.0,0.0
CZ,5G,TOTAL,99.1,99.1,0.0
CZ,5G,DEG3,95.3,95.3,0.0
CZ,NGA,TOTAL,90.6,90.6,0.0
CZ,NGA,DEG3,68.4,68.4,0.0
CZ,VHCN_FX,TOTAL,53.9,53.9,0.0
CZ,VHCN_FX,DEG3,10.0,10.0,0.0
DK,DSL,TOTAL,78.5,78.5,0.0
DK,DSL,DEG3,86.1,86.1,0.0
DK,FTTP,TOTAL,87.2,87.2,0.0
DK,FTTP,DEG3,91.5,91.5,0.0
DK,5G,TOTAL,100.0,100.0,0.0
DK,5G,DEG3,100.0,100.0,0.0
DK,NGA,TOTAL,98.4,98.4,0.0
DK,NGA,DEG3,93.2,93.2,0.0
DK,VHCN_FX,TOTAL,96.8,96.8,0.0
DK,VHCN_FX,DEG3,92.0,92.0,0.0
EE,DSL,TOTAL,56.5,56.5,0.0
EE,DSL,DEG3,27.0,27.0,0.0
EE,FTTP,TOTAL,76.3,76.3,0.0
EE,FTTP,DEG3,71.8,71.8,0.0
EE,5G,TOTAL,91.5,91.5,0.0
EE,5G,DEG3,92.3,92.3,0.0
EE,NGA,TOTAL,92.3,92.3,0.0
EE,NGA,DEG3,81.5,81.5,0.0
EE,VHCN_FX,TOTAL,76.3,76.3,0.0
EE,VHCN_FX,DEG3,71.8,71.8,0.0
FI,DSL,TOTAL,20.2,20.2,0.0
FI,DSL,DEG3,29.7,29.7,0.0
FI,FTTP,TOTAL,68.3,68.3,0.0
FI,FTTP,DEG3,50.0,50.0,0.0
FI,5G,TOTAL,99.5,99.5,0.0
FI,5G,DEG3,97.1,97.1,0.0
FI,NGA,TOTAL,82.5,82.5,0.0
FI,NGA,DEG3,62.8,62.8,0.0
FI,VHCN_FX,TOTAL,81.7,81.7,0.0
FI,VHCN_FX,DEG3,50.0,50.0,0.0
FR,DSL,TOTAL,98.9,98.9,0.0
FR,DSL,DEG3,97.9,97.9,0.0
FR,FTTP,TOTAL,87.5,87.5,0.0
FR,FTTP,DEG3,78.1,78.1,0.0
FR,5G,TOTAL,94.3,94.3,0.0
FR,5G,DEG3,77.9,77.9,0.0
FR,NGA,TOTAL,90.8,90.8,0.0
FR,NGA,DEG3,83.0,83.0,0.0
FR,VHCN_FX,TOTAL,87.5,87.5,0.0
FR,VHCN_FX,DEG3,78.1,78.1,0.0
DE,DSL,TOTAL,96.4,96.4,0.0
DE,DSL,DEG3,94.5,94.5,0.0
DE,FTTP,TOTAL,36.8,36.8,0.0
DE,FTTP,DEG3,33.9,33.9,0.0
DE,5G,TOTAL,99.1,99.0,0.1
DE,5G,DEG3,96.0,96.0,0.0
DE,NGA,TOTAL,96.5,96.5,0.0
DE,NGA,DEG3,90.1,90.1,0.0
DE,VHCN_FX,TOTAL,77.4,77.4,0.0
DE,VHCN_FX,DEG3,45.2,45.2,0.0
EL,DSL,TOTAL,95.5,95.5,0.0
EL,DSL,DEG3,92.3,92.3,0.0
EL,FTTP,TOTAL,46.1,46.1,0.0
EL,FTTP,DEG3,3.3,3.3,0.0
EL,5G,TOTAL,99.8,99.8,0.0
EL,5G,DEG3,99.3,99.3,0.0
EL,NGA,TOTAL,86.4,86.4,0.0
EL,NGA,DEG3,56.0,56.0,0.0
EL,VHCN_FX,TOTAL,46.1,46.1,0.0
EL,VHCN_FX,DEG3,3.3,3.3,0.0
HU,DSL,TOTAL,64.4,64.4,0.0
HU,DSL,DEG3,75.0,75.0,0.0
HU,FTTP,TOTAL,79.9,79.9,0.0
HU,FTTP,DEG3,68.5,68.5,0.0
HU,5G,TOTAL,85.6,85.6,0.0
HU,5G,DEG3,57.9,57.9,0.0
HU,NGA,TOTAL,97.0,97.0,0.0
HU,NGA,DEG3,95.2,95.2,0.0
HU,VHCN_FX,TOTAL,86.0,86.0,0.0
HU,VHCN_FX,DEG3,75.9,75.9,0.0
IS,DSL,TOTAL,82.7,82.7,0.0
IS,DSL,DEG3,36.1,36.0,0.1
IS,FTTP,TOTAL,95.3,95.3,0.0
IS,FTTP,DEG3,82.7,82.7,0.0
IS,5G,TOTAL,80.3,80.3,0.0
IS,5G,DEG3,7.4,7.4,0.0
IS,NGA,TOTAL,99.1,99.1,0.0
IS,NGA,DEG3,84.1,84.1,0.0
IS,VHCN_FX,TOTAL,95.3,95.3,0.0
IS,VHCN_FX,DEG3,82.7,82.7,0.0
IE,DSL,TOTAL,84.9,84.9,0.0
IE,DSL,DEG3,82.6,82.6,0.0
IE,FTTP,TOTAL,73.5,73.5,0.0
IE,FTTP,DEG3,72.1,72.1,0.0
IE,5G,TOTAL,89.9,89.9,0.0
IE,5G,DEG3,76.4,76.4,0.0
IE,NGA,TOTAL,100.0,100.0,0.0
IE,NGA,DEG3,100.0,100.0,0.0
IE,VHCN_FX,TOTAL,87.2,87.2,0.0
IE,VHCN_FX,DEG3,72.2,72.2,0.0
IT,DSL,TOTAL,99.8,99.8,0.0
IT,DSL,DEG3,98.7,98.8,-0.1
IT,FTTP,TOTAL,70.7,70.7,0.0
IT,FTTP,DEG3,36.8,36.8,0.0
IT,5G,TOTAL,99.5,99.5,0.0
IT,5G,DEG3,99.1,99.1,0.0
IT,NGA,TOTAL,98.8,98.8,0.0
IT,NGA,DEG3,93.0,93.0,0.0
IT,VHCN_FX,TOTAL,70.7,70.7,0.0
IT,VHCN_FX,DEG3,36.8,36.8,0.0
LV,DSL,TOTAL,27.4,27.4,0.0
LV,DSL,DEG3,30.7,30.7,0.0
LV,FTTP,TOTAL,61.1,61.1,0.0
LV,FTTP,DEG3,10.4,10.4,0.0
LV,5G,TOTAL,71.1,71.1,0.0
LV,5G,DEG3,15.0,15.0,0.0
LV,NGA,TOTAL,80.3,80.3,0.0
LV,NGA,DEG3,29.4,29.4,0.0
LV,VHCN_FX,TOTAL,68.1,68.1,0.0
LV,VHCN_FX,DEG3,10.4,10.4,0.0
LT,DSL,TOTAL,83.9,83.9,0.0
LT,DSL,DEG3,58.3,58.3,0.0
LT,FTTP,TOTAL,78.3,78.3,0.0
LT,FTTP,DEG3,39.8,37.9,1.9
LT,5G,TOTAL,99.7,99.7,0.0
LT,5G,DEG3,99.1,98.5,0.6
LT,NGA,TOTAL,88.1,88.1,0.0
LT,NGA,DEG3,63.6,63.6,0.0
LT,VHCN_FX,TOTAL,78.3,78.3,0.0
LT,VHCN_FX,DEG3,39.8,37.9,1.9
LU,DSL,TOTAL,23.3,23.3,0.0
LU,DSL,DEG3,49.4,49.4,0.0
LU,FTTP,TOTAL,81.8,81.8,0.0
LU,FTTP,DEG3,68.0,68.0,0.0
LU,5G,TOTAL,99.6,99.6,0.0
LU,5G,DEG3,96.8,96.8,0.0
LU,NGA,TOTAL,97.3,97.3,0.0
LU,NGA,DEG3,91.1,91.1,0.0
LU,VHCN_FX,TOTAL,95.2,95.2,0.0
LU,VHCN_FX,DEG3,82.8,82.8,0.0
MT,DSL,TOTAL,100.0,100.0,0.0
MT,DSL,DEG3,100.0,100.0,0.0
MT,FTTP,TOTAL,86.2,86.2,0.0
MT,FTTP,DEG3,26.6,26.6,0.0
MT,5G,TOTAL,100.0,100.0,0.0
MT,5G,DEG3,100.0,100.0,0.0
MT,NGA,TOTAL,100.0,100.0,0.0
MT,NGA,DEG3,100.0,100.0,0.0
MT,VHCN_FX,TOTAL,100.0,100.0,0.0
MT,VHCN_FX,DEG3,100.0,100.0,0.0
NL,DSL,TOTAL,48.6,48.6,0.0
NL,DSL,DEG3,81.4,81.4,0.0
NL,FTTP,TOTAL,85.3,85.3,0.0
NL,FTTP,DEG3,78.8,78.8,0.0
NL,5G,TOTAL,100.0,100.0,0.0
NL,5G,DEG3,100.0,100.0,0.0
NL,NGA,TOTAL,99.2,99.2,0.0
NL,NGA,DEG3,97.1,97.1,0.0
NL,VHCN_FX,TOTAL,98.4,98.4,0.0
NL,VHCN_FX,DEG3,88.4,88.4,0.0
NO,DSL,TOTAL,91.6,91.6,0.0
NO,DSL,DEG3,74.8,74.8,0.0
NO,FTTP,TOTAL,92.5,89.0,3.5
NO,FTTP,DEG3,81.4,81.4,0.0
NO,5G,TOTAL,99.1,99.0,0.1
NO,5G,DEG3,96.0,96.0,0.0
NO,NGA,TOTAL,96.2,96.2,0.0
NO,NGA,DEG3,81.4,81.4,0.0
NO,VHCN_FX,TOTAL,95.4,89.0,6.4
NO,VHCN_FX,DEG3,81.4,81.4,0.0
PL,DSL,TOTAL,54.3,54.3,0.0
PL,DSL,DEG3,14.2,14.2,0.0
PL,FTTP,TOTAL,77.8,77.8,0.0
PL,FTTP,DEG3,65.6,65.6,0.0
PL,5G,TOTAL,89.3,89.3,0.0
PL,5G,DEG3,72.4,72.3,0.1
PL,NGA,TOTAL,85.7,85.7,0.0
PL,NGA,DEG3,72.0,72.0,0.0
PL,VHCN_FX,TOTAL,83.8,83.8,0.0
PL,VHCN_FX,DEG3,66.5,66.5,0.0
PT,DSL,TOTAL,84.9,84.9,0.0
PT,DSL,DEG3,69.7,69.7,0.0
PT,FTTP,TOTAL,93.2,93.2,0.0
PT,FTTP,DEG3,70.1,70.1,0.0
PT,5G,TOTAL,98.7,98.7,0.0
PT,5G,DEG3,92.3,92.3,0.0
PT,NGA,TOTAL,94.6,94.6,0.0
PT,NGA,DEG3,73.2,73.2,0.0
PT,VHCN_FX,TOTAL,94.6,94.6,0.0
PT,VHCN_FX,DEG3,73.2,73.2,0.0
RO,DSL,TOTAL,28.5,28.5,0.0
RO,DSL,DEG3,23.8,23.8,0.0
RO,FTTP,TOTAL,95.7,95.7,0.0
RO,FTTP,DEG3,93.5,93.5,0.0
RO,5G,TOTAL,46.8,46.8,0.0
RO,5G,DEG3,14.5,14.5,0.0
RO,NGA,TOTAL,96.6,96.6,0.0
RO,NGA,DEG3,94.2,94.2,0.0
RO,VHCN_FX,TOTAL,95.9,95.9,0.0
RO,VHCN_FX,DEG3,93.6,93.6,0.0
SK,DSL,TOTAL,51.8,51.8,0.0
SK,DSL,DEG3,78.8,78.8,0.0
SK,FTTP,TOTAL,67.8,67.8,0.0
SK,FTTP,DEG3,39.6,39.3,0.3
SK,5G,TOTAL,87.9,87.9,0.0
SK,5G,DEG3,72.5,72.5,0.0
SK,NGA,TOTAL,85.9,85.9,0.0
SK,NGA,DEG3,80.8,80.8,0.0
SK,VHCN_FX,TOTAL,73.0,73.0,0.0
SK,VHCN_FX,DEG3,39.6,39.6,0.0
SI,DSL,TOTAL,94.9,94.9,0.0
SI,DSL,DEG3,84.4,84.4,0.0
SI,FTTP,TOTAL,79.6,79.7,-0.1
SI,FTTP,DEG3,58.6,58.6,0.0
SI,5G,TOTAL,96.7,97.7,-1.0
SI,5G,DEG3,87.6,91.1,-3.5
SI,NGA,TOTAL,92.3,92.3,0.0
SI,NGA,DEG3,75.5,75.5,0.0
SI,VHCN_FX,TOTAL,79.6,79.6,0.0
SI,VHCN_FX,DEG3,58.6,58.6,0.0
ES,FTTP,TOTAL,94.9,94.9,0.0
ES,FTTP,DEG3,86.3,86.3,0.0
ES,5G,TOTAL,95.7,95.7,0.0
ES,5G,DEG3,79.6,79.6,0.0
ES,NGA,TOTAL,95.0,95.0,0.0
ES,NGA,DEG3,86.3,86.3,0.0
ES,VHCN_FX,TOTAL,95.0,95.0,0.0
ES,VHCN_FX,DEG3,86.3,86.3,0.0
SE,DSL,TOTAL,28.9,28.9,0.0
SE,DSL,DEG3,16.7,16.7,0.0
SE,FTTP,TOTAL,85.6,85.6,0.0
SE,FTTP,DEG3,69.4,69.4,0.0
SE,5G,TOTAL,98.6,98.6,0.0
SE,5G,DEG3,90.3,90.3,0.0
SE,NGA,TOTAL,90.7,90.7,0.0
SE,NGA,DEG3,69.5,69.5,0.0
SE,VHCN_FX,TOTAL,89.7,89.7,0.0
SE,VHCN_FX,DEG3,69.5,69.4,0.1
CH,DSL,TOTAL,99.5,87.9,11.6
CH,DSL,DEG3,98.3,87.6,10.7
CH,FTTP,TOTAL,50.4,62.1,-11.7
CH,FTTP,DEG3,27.2,58.4,-31.2
CH,5G,TOTAL,98.8,99.5,-0.7
CH,5G,DEG3,94.1,84.0,10.1
CH,NGA,TOTAL,99.1,98.0,1.1
CH,NGA,DEG3,98.9,97.3,1.6
CH,VHCN_FX,TOTAL,92.2,88.4,3.8
CH,VHCN_FX,DEG3,86.6,85.0,1.6
UK,DSL,TOTAL,99.8,99.8,0.0
UK,DSL,DEG3,98.9,98.9,0.0
UK,FTTP,TOTAL,68.7,68.7,0.0
UK,FTTP,DEG3,52.4,52.4,0.0
UK,5G,TOTAL,95.1,95.1,0.0
UK,5G,DEG3,78.9,78.9,0.0
UK,NGA,TOTAL,99.0,99.0,0.0
UK,NGA,DEG3,98.3,98.2,0.1
UK,VHCN_FX,TOTAL,82.9,82.9,0.0
UK,VHCN_FX,DEG3,54.1,54.1,0.0
