"geo","year","inet_tec","TOTAL","DEG3","rural_gap_pp"
"LV",2025,"VHCN_FX",66.7,10.9,55.8
"EL",2025,"VHCN_FX",59.8,7,52.8
"CZ",2025,"VHCN_FX",54.7,11.9,42.8
"LT",2025,"VHCN_FX",79,38.2,40.8
"AT",2025,"VHCN_FX",76.3,42,34.3
"IT",2025,"VHCN_FX",77.6,44.5,33.1
"HR",2025,"VHCN_FX",82.7,54.2,28.5
"FI",2025,"VHCN_FX",84.6,57.4,27.2
"SK",2025,"VHCN_FX",83.6,57.5,26.1
"UK",2025,"VHCN_FX",86.8,61.6,25.2
"DE",2025,"VHCN_FX",79.9,56.1,23.8
"SE",2025,"VHCN_FX",89.8,69.4,20.4
"SI",2025,"VHCN_FX",83.9,67,16.9
"PL",2025,"VHCN_FX",84.1,67.4,16.7
"IS",2025,"VHCN_FX",95.6,80.1,15.5
"PT",2025,"VHCN_FX",97.1,81.6,15.5
"BG",2025,"VHCN_FX",93.5,83.3,10.2
"BE",2025,"VHCN_FX",96.2,86.1,10.1
"HU",2025,"VHCN_FX",87.4,77.6,9.8
"IE",2025,"VHCN_FX",89,79.3,9.7
"LU",2025,"VHCN_FX",95.5,86,9.5
"NO",2025,"VHCN_FX",91,82.3,8.7
"ES",2025,"VHCN_FX",96,88.7,7.3
"CY",2025,"VHCN_FX",95.5,89.5,6
"NL",2025,"VHCN_FX",98.8,93.1,5.7
"DK",2025,"VHCN_FX",97.7,93,4.7
"FR",2025,"VHCN_FX",91.7,87.8,3.9
"CH",2025,"VHCN_FX",90.1,86.9,3.2
"EE",2025,"VHCN_FX",81.1,78.5,2.6
"RO",2025,"VHCN_FX",96.4,94.2,2.2
"MT",2025,"VHCN_FX",100,100,0
"IS",2025,"5G",93.8,15.1,78.7
"RO",2025,"5G",59.3,22.7,36.6
"FR",2025,"5G",96.4,82.7,13.7
"UK",2025,"5G",97,84.8,12.2
"HU",2025,"5G",94,82,12
"PL",2025,"5G",94,84.3,9.7
"SK",2025,"5G",93.9,84.6,9.3
"SE",2025,"5G",98.7,90.5,8.2
"BG",2025,"5G",94.8,86.8,8
"IE",2025,"5G",96.3,89.1,7.2
"HR",2025,"5G",97.8,93.9,3.9
"LV",2025,"5G",98.2,94.4,3.8
"PT",2025,"5G",99.1,95.3,3.8
"ES",2025,"5G",99.2,95.7,3.5
"SI",2025,"5G",99.4,97.3,2.1
"CH",2025,"5G",99.5,97.8,1.7
"NO",2025,"5G",99.7,98.1,1.6
"DE",2025,"5G",99.5,98.1,1.4
"LU",2025,"5G",99.9,98.9,1
"AT",2025,"5G",99.8,98.9,0.9
"CZ",2025,"5G",99.7,98.9,0.8
"LT",2025,"5G",99.7,99.1,0.6
"EL",2025,"5G",99.5,99.1,0.4
"IT",2025,"5G",99.8,99.4,0.4
"BE",2025,"5G",99.9,99.6,0.3
"EE",2025,"5G",100,99.9,0.1
"CY",2025,"5G",100,100,0
"DK",2025,"5G",100,100,0
"FI",2025,"5G",100,100,0
"MT",2025,"5G",100,100,0
"NL",2025,"5G",100,100,0
